bgc_class_antismash	bgc_class_gecco	bgc_class_deepbgc	bgc_class_formatted
2dos	NA	NA	2dos
acyl_amino_acids	NA	NA	acyl_amino_acids
amglyccycl	NA	NA	amglyccycl
arylpolyene	NA	NA	arylpolyene
betalactone	NA	NA	betalactone
blactam	NA	NA	blactam
butyrolactone	NA	NA	butyrolactone
CDPS	NA	NA	cdps
crocagin	NA	NA	crocagin
cyanobactin	NA	NA	cyanobactin
cyclic-lactone-autoinducer	NA	NA	cyclic-lactone-autoinducer
darobactin	NA	NA	darobactin
ectoine	NA	NA	ectoine
furan	NA	NA	furan
hglE-KS	NA	NA	hgle-ks
HR-T2PKS	NA	NA	hr-t2pks
hserlactone	NA	NA	hserlactone
hydrogen-cyanide	NA	NA	hydrogen-cyanide
indole	NA	NA	indole
isocyanide	NA	NA	isocyanide
ladderane	NA	NA	ladderane
lanthipeptide-class-i	NA	NA	lanthipeptide-class-i
lanthipeptide-class-ii	NA	NA	lanthipeptide-class-ii
lanthipeptide-class-iii	NA	NA	lanthipeptide-class-iii
lanthipeptide-class-iv	NA	NA	lanthipeptide-class-iv
lanthipeptide-class-v	NA	NA	lanthipeptide-class-v
LAP	NA	NA	lap
lassopeptide	NA	NA	lassopeptide
linaridin	NA	NA	linaridin
methanobactin	NA	NA	methanobactin
microviridin	NA	NA	microviridin
mycosporine-like	NA	NA	mycosporine-like
NAGGN	NA	NA	naggn
NAPAA	NA	NA	napaa
NI-siderophore	NA	NA	ni-siderophore
NRP-metallophore	NA	NA	nrp-metallophore
NRPS	NRP	NRP	nrp
NRPS	NRP;Polyketide	NRP	nrp
NRPS	NRP;Saccharide	NRP	nrp
NRPS-like	NRP	NRP	nrp
NRPS-like	NRP;Polyketide	NRP	nrp
NRPS-like	NRP;Saccharide	NRP	nrp
nucleoside	NA	NA	nucleoside
oligosaccharide	NA	NA	oligosaccharide
opine-like-metallophore	NA	NA	opine-like-metallophore
other	Unknown	Other	other
phenazine	NA	NA	phenazine
phosphoglycolipid	NA	NA	phosphoglycolipid
phosphonate	NA	NA	phosphonate
phosphonate-like	NA	NA	phosphonate-like
PKS-like	NA	NA	pks-like
PpyS-KS	NA	NA	ppys-ks
proteusin	NA	NA	proteusin
PUFA	NA	NA	pufa
ranthipeptide	NA	NA	ranthipeptide
redox-cofactor	NA	NA	redox-cofactor
resorcinol	NA	NA	resorcinol
RiPP-like	RiPP	RiPP	ripp
RRE-containing	NA	NA	rre-containing
sactipeptide	NA	NA	sactipeptide
spliceotide	RiPP	RiPP	ripp
T1PKS	Polyketide	Polyketide	polyketide
T2PKS	Polyketide	Polyketide	polyketide
T3PKS	Polyketide	Polyketide	polyketide
terpene	Terpene	Terpene	terpene
thioamide-NRP	NA	NA	thioamide-nrp
thioamitides	RiPP	RiPP	ripp
thiopeptide	NA	NA	thiopeptide
transAT-PKS	NA	NA	transat-pks
transAT-PKS-like	NA	NA	transat-pks-like
triceptide	NA	NA	triceptide
tropodithietic-acid	NA	NA	tropodithietic-acid
NA	Saccharide	Saccharide	saccharide
NA	NA	Alkaloid	alkaloid
